Model,MSE,RMSE,MAE,R² Score
Linear Regression,838.7509830004113,28.96119788614434,22.891310983557972,0.9999881285485349
Decision Tree,278163529.0090554,16678.235188683946,14405.233581532439,-2.937050329495826
Random Forest,284846501.2569327,16877.396163417292,14619.92487889523,-3.0316392865177946
XGBoost,298119592.06303775,17266.140045274675,15066.077730020044,-3.2195029748947954
LightGBM,321873655.8189739,17940.83765655812,15710.037949625432,-3.5557114809859334
